DisplayName,UserPrincipalName,MailNickName,Password,Department
Alice Kamau,AliceK@kelvinmwangi076946gmail.onmicrosoft.com,Alice.K,FinTrust@123,Finance
David Mwangi,DavidM@kelvinmwangi076946gmail.onmicrosoft.com,David.M,FinTrust@123,Finance
Esther Wambui,EstherW@kelvinmwangi076946gmail.onmicrosoft.com,Esther.W,FinTrust@123,Finance
Peter Kariuki,PeterK@kelvinmwangi076946gmail.onmicrosoft.com,Peter.K,FinTrust@123,Finance
Brian Otieno,BrianO@kelvinmwangi076946gmail.onmicrosoft.com,Brian.O,FinTrust@123,HR
Mary Njeri,MaryN@kelvinmwangi076946gmail.onmicrosoft.com,Mary.N,FinTrust@123,HR
Grace Wanjira,GraceW@kelvinmwangi076946gmail.onmicrosoft.com,Grace.W,FinTrust@123,HR
John Kamau,JohnK@kelvinmwangi076946gmail.onmicrosoft.com,John.K,FinTrust@123,HR
Kevin Maina,KevinM@kelvinmwangi076946gmail.onmicrosoft.com,Kevin.M,FinTrust@123,IT
Samuel Kiptoo,SamuelK@kelvinmwangi076946gmail.onmicrosoft.com,Samuel.K,FinTrust@123,IT
Lucy Akinyi,LucyA@kelvinmwangi076946gmail.onmicrosoft.com,Lucy.A,FinTrust@123,IT
Daniel Ochieng,DanielO@kelvinmwangi076946gmail.onmicrosoft.com,Daniel.O,FinTrust@123,IT
James Mutua,JamesM@kelvinmwangi076946gmail.onmicrosoft.com,James.M,FinTrust@123,Cybersecurity
Faith Chebet,FaithC@kelvinmwangi076946gmail.onmicrosoft.com,Faith.C,FinTrust@123,Cybersecurity
Michael Kibet,MichaelK@kelvinmwangi076946gmail.onmicrosoft.com,Michael.K,FinTrust@123,Cybersecurity
Sarah Wambui,SarahW@kelvinmwangi076946gmail.onmicrosoft.com,Sarah.W,FinTrust@123,Cybersecurity
Joseph Kariuki,JosephK@kelvinmwangi076946gmail.onmicrosoft.com,Joseph.K,FinTrust@123,Customer Support
Ann Waithera,AnnW@kelvinmwangi076946gmail.onmicrosoft.com,Ann.W,FinTrust@123,Customer Support
Dennis Mwangi,DennisM@kelvinmwangi076946gmail.onmicrosoft.com,Dennis.M,FinTrust@123,Customer Support
Caroline Njeri,CarolineN@kelvinmwangi076946gmail.onmicrosoft.com,Caroline.N,FinTrust@123,Customer Support
George Kamau,GeorgeK@kelvinmwangi076946gmail.onmicrosoft.com,George.K,FinTrust@123,Loans
Irene Achieng,IreneA@kelvinmwangi076946gmail.onmicrosoft.com,Irene.A,FinTrust@123,Loans
Robert Kipchoge,RobertK@kelvinmwangi076946gmail.onmicrosoft.com,Robert.K,FinTrust@123,Loans
Mercy Wanjiku,MercyW@kelvinmwangi076946gmail.onmicrosoft.com,Mercy.W,FinTrust@123,Loans
Charles Mwangi,CharlesM@kelvinmwangi076946gmail.onmicrosoft.com,Charles.M,FinTrust@123,Management
Susan Njeri,SusanN@kelvinmwangi076946gmail.onmicrosoft.com,Susan.N,FinTrust@123,Management
Anthony Kariuki,AnthonyK@kelvinmwangi076946gmail.onmicrosoft.com,Anthony.K,FinTrust@123,Management
Rachel Wambui,RachelW@kelvinmwangi076946gmail.onmicrosoft.com,Rachel.W,FinTrust@123,Management
Martin Ouma,MartinO@kelvinmwangi076946gmail.onmicrosoft.com,Martin.O,FinTrust@123,Finance
Cynthia Akinyi,CynthiaA@kelvinmwangi076946gmail.onmicrosoft.com,Cynthia.A,FinTrust@123,HR
Victor Omondi,VictorO@kelvinmwangi076946gmail.onmicrosoft.com,Victor.O,FinTrust@123,IT
Janet Atieno,JanetA@kelvinmwangi076946gmail.onmicrosoft.com,Janet.A,FinTrust@123,Cybersecurity